,COUNTY,E_TOTPOP,E_HU,E_HH,E_POV,E_UNEMP,E_PCI,E_NOHSDP,E_AGE65,E_AGE17,E_DISABL,E_SNGPNT,E_MINRTY,E_LIMENG,E_MUNIT,E_MOBILE,E_CROWD,E_NOVEH,E_GROUPQ,year
0,Adjuntas,18760.0,7673.0,6305.0,11791.0,2257.0,7124.0,4737.0,3032.0,4307.0,3861.0,956.0,18732.0,13811.0,94.0,32.0,181.0,1201.0,71.0,2016
1,Aguada,40083.0,17508.0,12934.0,21828.0,3133.0,8592.0,9710.0,6218.0,8299.0,10954.0,1557.0,38543.0,24509.0,210.0,14.0,524.0,1973.0,90.0,2016
2,Aguadilla,56893.0,27365.0,20999.0,27469.0,4065.0,10335.0,11853.0,10579.0,12210.0,13194.0,3153.0,56183.0,31239.0,2507.0,46.0,508.0,3854.0,1963.0,2016
3,Aguas Buenas,27323.0,10790.0,8675.0,13814.0,2172.0,9647.0,6335.0,4471.0,6118.0,7292.0,1130.0,27176.0,19670.0,163.0,0.0,277.0,1601.0,197.0,2016
4,Aibonito,24438.0,9961.0,8569.0,11433.0,382.0,9262.0,4389.0,4197.0,5225.0,6404.0,1231.0,24383.0,18034.0,161.0,55.0,421.0,1334.0,24.0,2016
5,Añasco,28250.0,12448.0,9373.0,13760.0,1570.0,8673.0,6330.0,4972.0,5942.0,6858.0,1071.0,27839.0,19010.0,212.0,35.0,326.0,1407.0,117.0,2016
6,Arecibo,91096.0,41400.0,32121.0,43974.0,5100.0,9438.0,16524.0,17353.0,18906.0,15751.0,4400.0,90756.0,55775.0,1624.0,32.0,631.0,5859.0,1695.0,2016
7,Arroyo,18778.0,8556.0,6203.0,9958.0,1112.0,7655.0,3135.0,3079.0,4512.0,4340.0,1046.0,18749.0,13246.0,136.0,57.0,285.0,1015.0,17.0,2016
8,Barceloneta,24699.0,9892.0,8330.0,13083.0,1148.0,8245.0,4306.0,4164.0,5633.0,6232.0,1119.0,24601.0,15475.0,119.0,21.0,210.0,1188.0,36.0,2016
9,Barranquitas,29548.0,11034.0,9376.0,17728.0,629.0,7369.0,5671.0,3869.0,7308.0,7379.0,1579.0,29548.0,23031.0,234.0,13.0,680.0,1324.0,417.0,2016
10,Bayamón,192974.0,83785.0,70950.0,66051.0,12262.0,13472.0,27786.0,36624.0,39086.0,47075.0,10679.0,191731.0,100787.0,7201.0,128.0,1867.0,9543.0,6477.0,2016
11,Cabo Rojo,50096.0,29625.0,17130.0,25055.0,1603.0,9833.0,10789.0,10183.0,10468.0,7738.0,1936.0,49971.0,27656.0,2238.0,1379.0,611.0,2517.0,134.0,2016
12,Caguas,136372.0,58356.0,50327.0,50464.0,8686.0,13911.0,19275.0,23831.0,29570.0,31947.0,7883.0,135183.0,79781.0,3694.0,79.0,1591.0,8406.0,1087.0,2016
13,Camuy,33481.0,14051.0,11816.0,16173.0,2178.0,9271.0,7138.0,5648.0,7196.0,7282.0,1437.0,33252.0,21917.0,84.0,0.0,293.0,1434.0,109.0,2016
14,Canóvanas,47174.0,18012.0,14664.0,20421.0,4195.0,10664.0,8299.0,6858.0,11176.0,8721.0,2189.0,47128.0,28790.0,148.0,10.0,1122.0,2100.0,111.0,2016
15,Carolina,165040.0,77771.0,64408.0,49105.0,10557.0,15403.0,19402.0,31835.0,34151.0,37475.0,10292.0,163626.0,81569.0,16300.0,172.0,2198.0,8725.0,716.0,2016
16,Cataño,26137.0,10849.0,9190.0,12829.0,3272.0,11039.0,4732.0,4204.0,6005.0,5588.0,1639.0,26019.0,15435.0,1297.0,34.0,442.0,2452.0,7.0,2016
17,Cayey,46071.0,20106.0,16629.0,19824.0,2089.0,12441.0,8610.0,8045.0,9760.0,14244.0,2380.0,45829.0,30366.0,611.0,54.0,604.0,2816.0,142.0,2016
18,Ceiba,12538.0,7456.0,4585.0,5611.0,453.0,10584.0,2112.0,2536.0,2712.0,1316.0,594.0,12417.0,6920.0,261.0,12.0,215.0,681.0,24.0,2016
19,Ciales,17644.0,7322.0,5883.0,10694.0,576.0,7080.0,4207.0,2917.0,3974.0,3532.0,1009.0,17576.0,12613.0,235.0,0.0,210.0,1190.0,17.0,2016
20,Cidra,41782.0,16213.0,13519.0,17471.0,2703.0,11107.0,6767.0,6068.0,9350.0,11776.0,2124.0,41662.0,27778.0,82.0,53.0,530.0,1852.0,177.0,2016
21,Coamo,40090.0,16380.0,13609.0,19726.0,1342.0,9699.0,7627.0,6079.0,9259.0,9687.0,2655.0,39857.0,27313.0,439.0,0.0,560.0,2051.0,113.0,2016
22,Comerío,20153.0,7625.0,6249.0,12220.0,1359.0,6975.0,5138.0,3084.0,4547.0,5849.0,1019.0,20079.0,14665.0,262.0,0.0,281.0,1454.0,15.0,2016
23,Corozal,35484.0,13063.0,11011.0,19774.0,3009.0,7793.0,7369.0,5395.0,8288.0,7670.0,1219.0,35239.0,25617.0,74.0,129.0,851.0,1562.0,334.0,2016
24,Culebra,1508.0,1519.0,509.0,679.0,24.0,10069.0,343.0,242.0,379.0,101.0,87.0,1434.0,843.0,41.0,36.0,54.0,129.0,0.0,2016
25,Dorado,38013.0,15803.0,12036.0,13587.0,3080.0,14504.0,6187.0,5669.0,9174.0,5988.0,1935.0,37465.0,20860.0,152.0,47.0,825.0,1299.0,50.0,2016
26,Fajardo,33912.0,18627.0,12691.0,14866.0,3754.0,10784.0,5048.0,6630.0,7590.0,7316.0,2356.0,33678.0,18105.0,1980.0,38.0,735.0,1953.0,267.0,2016
27,Florida,12287.0,4919.0,4305.0,6707.0,602.0,7451.0,1672.0,1895.0,2865.0,2400.0,653.0,12234.0,8506.0,147.0,0.0,163.0,413.0,9.0,2016
28,Guánica,17788.0,9346.0,5526.0,11199.0,1565.0,7223.0,4039.0,3592.0,3936.0,5658.0,522.0,17732.0,11722.0,194.0,21.0,233.0,923.0,84.0,2016
29,Guayama,43210.0,18819.0,14879.0,22189.0,1601.0,9034.0,7532.0,6616.0,9967.0,9539.0,2492.0,42916.0,31632.0,334.0,136.0,345.0,3205.0,2132.0,2016
30,Guayanilla,20025.0,8364.0,6659.0,11725.0,1287.0,7864.0,3845.0,3494.0,4626.0,3295.0,996.0,19952.0,13618.0,84.0,8.0,162.0,933.0,62.0,2016
31,Guaynabo,92444.0,40303.0,34724.0,25064.0,4889.0,23834.0,11152.0,17477.0,17441.0,17764.0,4360.0,91500.0,37016.0,7971.0,99.0,934.0,3786.0,596.0,2016
32,Gurabo,46990.0,17568.0,15473.0,15141.0,3099.0,16238.0,6720.0,6373.0,10911.0,11103.0,1741.0,46444.0,26283.0,601.0,21.0,350.0,1961.0,329.0,2016
33,Hatillo,41327.0,16855.0,14339.0,18400.0,1456.0,10116.0,9250.0,7129.0,8836.0,3168.0,1537.0,41250.0,25830.0,248.0,0.0,244.0,1959.0,105.0,2016
34,Hormigueros,16678.0,7555.0,6233.0,6013.0,1370.0,11432.0,3271.0,4058.0,3212.0,4984.0,660.0,16623.0,9306.0,391.0,12.0,165.0,831.0,184.0,2016
35,Humacao,55621.0,26899.0,18763.0,24941.0,2263.0,10994.0,9320.0,10067.0,11837.0,6203.0,2878.0,55143.0,35104.0,2436.0,23.0,920.0,2517.0,551.0,2016
36,Isabela,43919.0,20417.0,15084.0,23902.0,2650.0,8578.0,9120.0,7662.0,9291.0,11911.0,1708.0,43533.0,26891.0,572.0,0.0,439.0,2194.0,311.0,2016
37,Jayuya,15605.0,6231.0,4720.0,9196.0,1220.0,7258.0,2817.0,2178.0,3794.0,3642.0,741.0,15580.0,11142.0,159.0,5.0,246.0,945.0,226.0,2016
38,Juana Díaz,48658.0,18930.0,16143.0,23218.0,3704.0,10053.0,8642.0,7240.0,11772.0,10222.0,2419.0,48567.0,33452.0,323.0,25.0,732.0,2320.0,511.0,2016
39,Juncos,39942.0,15723.0,12746.0,19558.0,4013.0,9282.0,6478.0,5549.0,9494.0,8657.0,2306.0,39720.0,24887.0,521.0,0.0,670.0,1845.0,203.0,2016
40,Lajas,24323.0,12107.0,8375.0,14552.0,1047.0,7097.0,6539.0,5099.0,4946.0,4765.0,901.0,24294.0,15095.0,299.0,228.0,470.0,1095.0,39.0,2016
41,Lares,28052.0,12263.0,10148.0,15984.0,3496.0,7958.0,7604.0,4985.0,5943.0,6108.0,1290.0,27940.0,21156.0,104.0,50.0,425.0,1646.0,274.0,2016
42,Las Marías,9093.0,3932.0,3104.0,5309.0,70.0,6730.0,2868.0,1569.0,2029.0,645.0,478.0,8996.0,7099.0,26.0,0.0,263.0,476.0,92.0,2016
43,Las Piedras,38466.0,15634.0,12876.0,18254.0,2715.0,9906.0,6276.0,5742.0,8746.0,6497.0,1930.0,38414.0,25698.0,199.0,17.0,662.0,1551.0,57.0,2016
44,Loíza,27857.0,11588.0,8810.0,13785.0,2883.0,8694.0,4561.0,3879.0,6568.0,5198.0,1393.0,27849.0,19920.0,341.0,0.0,643.0,1945.0,75.0,2016
45,Luquillo,19237.0,10529.0,6691.0,8450.0,2084.0,10617.0,3175.0,3534.0,4302.0,4470.0,837.0,19012.0,11425.0,1720.0,0.0,399.0,1136.0,123.0,2016
46,Manatí,41468.0,18799.0,15946.0,19121.0,2261.0,10216.0,8207.0,7543.0,9340.0,8246.0,2413.0,41059.0,24840.0,703.0,59.0,1319.0,2987.0,209.0,2016
47,Maricao,6274.0,2634.0,1952.0,4001.0,205.0,5663.0,1966.0,1072.0,1282.0,567.0,206.0,6263.0,5025.0,4.0,28.0,137.0,397.0,18.0,2016
48,Maunabo,11506.0,5353.0,4035.0,6431.0,766.0,8552.0,2820.0,2162.0,2447.0,1926.0,390.0,11363.0,8073.0,152.0,0.0,344.0,615.0,8.0,2016
49,Mayagüez,81594.0,41274.0,30099.0,41350.0,6471.0,10133.0,15680.0,16962.0,15353.0,20794.0,4336.0,81093.0,46192.0,6893.0,57.0,878.0,6494.0,1241.0,2016
50,Moca,38289.0,15632.0,12473.0,21529.0,2803.0,7621.0,8606.0,5602.0,8885.0,9365.0,1326.0,38162.0,24430.0,204.0,34.0,336.0,1795.0,279.0,2016
51,Morovis,32087.0,11661.0,9827.0,16601.0,2279.0,8294.0,6639.0,4238.0,7759.0,6634.0,1479.0,32058.0,22198.0,247.0,21.0,310.0,1580.0,64.0,2016
52,Naguabo,26722.0,11555.0,8586.0,13311.0,948.0,9809.0,5647.0,4175.0,6505.0,2837.0,1142.0,26670.0,18414.0,577.0,0.0,472.0,1437.0,48.0,2016
53,Naranjito,29467.0,10605.0,8645.0,14032.0,2175.0,9886.0,5899.0,4615.0,6612.0,7383.0,1145.0,29428.0,20590.0,70.0,31.0,478.0,1163.0,90.0,2016
54,Orocovis,22258.0,8514.0,6858.0,12776.0,1881.0,7187.0,5250.0,3161.0,5266.0,7825.0,1290.0,22212.0,16800.0,78.0,16.0,183.0,1321.0,149.0,2016
55,Patillas,18135.0,8943.0,6458.0,10279.0,1399.0,8127.0,3658.0,3285.0,3821.0,2936.0,740.0,18100.0,13055.0,223.0,49.0,239.0,1223.0,0.0,2016
56,Peñuelas,22231.0,8828.0,7398.0,12748.0,1733.0,7581.0,4169.0,3091.0,5562.0,3291.0,1136.0,22153.0,15521.0,33.0,10.0,484.0,1110.0,26.0,2016
57,Ponce,152594.0,66906.0,54722.0,76635.0,8328.0,10587.0,25221.0,27853.0,33957.0,24466.0,8682.0,151545.0,90200.0,7757.0,109.0,1748.0,11013.0,3683.0,2016
58,Quebradillas,24904.0,10348.0,8773.0,13897.0,1240.0,8499.0,5077.0,4255.0,5500.0,6013.0,1148.0,24755.0,16916.0,203.0,29.0,174.0,1123.0,29.0,2016
59,Rincón,14700.0,9462.0,5210.0,7068.0,744.0,9445.0,3633.0,3143.0,2919.0,4619.0,580.0,13857.0,8518.0,1023.0,13.0,116.0,721.0,25.0,2016
60,Río Grande,52479.0,23191.0,16292.0,19400.0,5133.0,10648.0,8597.0,8887.0,11369.0,11566.0,2084.0,52219.0,32804.0,1224.0,90.0,772.0,1940.0,950.0,2016
61,Sabana Grande,24013.0,10806.0,7413.0,11762.0,1530.0,8638.0,4501.0,4715.0,5291.0,7008.0,583.0,23840.0,15202.0,241.0,22.0,217.0,1427.0,169.0,2016
62,Salinas,29722.0,13873.0,10809.0,15702.0,995.0,8535.0,5378.0,4855.0,7215.0,6143.0,2055.0,29648.0,19167.0,287.0,89.0,378.0,1609.0,160.0,2016
63,San Germán,33546.0,15652.0,12263.0,16865.0,724.0,9445.0,6948.0,7136.0,6959.0,3596.0,1280.0,33442.0,20319.0,570.0,20.0,589.0,2506.0,651.0,2016
64,San Juan,363744.0,192766.0,147790.0,151520.0,23862.0,17348.0,54381.0,71175.0,72480.0,69855.0,21229.0,359063.0,171600.0,55166.0,722.0,3881.0,37591.0,7445.0,2016
65,San Lorenzo,39283.0,16434.0,13716.0,18300.0,1840.0,10671.0,8289.0,6176.0,8452.0,8287.0,1758.0,39253.0,26693.0,200.0,62.0,580.0,2579.0,113.0,2016
66,San Sebastián,39755.0,17695.0,13870.0,22387.0,3612.0,7578.0,10637.0,7903.0,8590.0,10416.0,1762.0,39450.0,27339.0,345.0,47.0,299.0,2542.0,175.0,2016
67,Santa Isabel,22732.0,9380.0,7757.0,11449.0,885.0,9545.0,3341.0,3221.0,5769.0,5221.0,1682.0,22652.0,13843.0,345.0,18.0,271.0,1182.0,11.0,2016
68,Toa Alta,74467.0,25726.0,22375.0,22739.0,4766.0,13816.0,10053.0,8723.0,17840.0,13830.0,3210.0,74211.0,40772.0,288.0,202.0,961.0,1932.0,295.0,2016
69,Toa Baja,83645.0,34592.0,28261.0,30811.0,6672.0,12008.0,12143.0,13736.0,18501.0,19271.0,4155.0,83281.0,45591.0,984.0,64.0,1274.0,3706.0,335.0,2016
70,Trujillo Alto,70737.0,29505.0,24660.0,21023.0,2403.0,15760.0,7873.0,11207.0,15794.0,12836.0,3692.0,70309.0,38657.0,3885.0,9.0,1220.0,2900.0,788.0,2016
71,Utuado,30869.0,13368.0,10058.0,16103.0,2753.0,7841.0,6624.0,5624.0,6759.0,5409.0,1142.0,30755.0,20464.0,95.0,25.0,155.0,1746.0,102.0,2016
72,Vega Alta,39018.0,16128.0,12677.0,18572.0,2625.0,10448.0,8636.0,6103.0,9191.0,6509.0,1954.0,38578.0,24125.0,762.0,22.0,628.0,2088.0,895.0,2016
73,Vega Baja,55866.0,24739.0,17356.0,25518.0,2945.0,9632.0,15891.0,9566.0,12411.0,13342.0,2094.0,54051.0,32286.0,169.0,96.0,514.0,3132.0,318.0,2016
74,Vieques,9046.0,5036.0,2673.0,3220.0,410.0,9808.0,1903.0,1773.0,1966.0,761.0,174.0,8755.0,5449.0,0.0,111.0,94.0,539.0,0.0,2016
75,Villalba,24186.0,9144.0,7870.0,12185.0,2296.0,8733.0,4619.0,3416.0,5858.0,5466.0,1314.0,24177.0,17834.0,293.0,19.0,375.0,1117.0,189.0,2016
76,Yabucoa,35670.0,14771.0,12011.0,17603.0,2607.0,8531.0,7912.0,5888.0,7841.0,6631.0,1911.0,35639.0,25237.0,119.0,0.0,466.0,2028.0,79.0,2016
77,Yauco,38519.0,17252.0,10658.0,19162.0,2865.0,7998.0,8140.0,7051.0,8251.0,10713.0,722.0,38389.0,25729.0,355.0,7.0,296.0,1933.0,311.0,2016
78,Aibonito,23457.0,9800.0,8301.0,10768.0,376.0,10630.0,3884.0,4439.0,4693.0,6117.0,1204.0,23415.0,16811.0,117.0,35.0,331.0,1202.0,27.0,2018
79,Añasco,27368.0,12524.0,8933.0,11831.0,1290.0,10259.0,5955.0,5234.0,5307.0,6914.0,965.0,26494.0,17923.0,224.0,18.0,117.0,1154.0,122.0,2018
80,Arecibo,87242.0,41309.0,31788.0,41504.0,4910.0,10203.0,14979.0,17765.0,17035.0,17640.0,4062.0,86776.0,52381.0,1820.0,22.0,644.0,5395.0,1217.0,2018
81,Barceloneta,24299.0,10094.0,8010.0,12184.0,1339.0,9170.0,4442.0,4426.0,5183.0,4974.0,1299.0,24262.0,15184.0,50.0,20.0,200.0,1100.0,18.0,2018
82,Caguas,131363.0,57739.0,48629.0,48880.0,7475.0,14654.0,17786.0,24767.0,26564.0,31075.0,7085.0,130282.0,76648.0,3334.0,74.0,1175.0,7755.0,1106.0,2018
83,Camuy,32222.0,14114.0,11431.0,16153.0,1628.0,10252.0,6451.0,5960.0,6378.0,6449.0,1258.0,32022.0,21243.0,112.0,36.0,210.0,1326.0,113.0,2018
84,Ciales,16912.0,7243.0,5870.0,9341.0,847.0,8398.0,3917.0,3111.0,3555.0,4454.0,935.0,16762.0,11786.0,144.0,0.0,132.0,1065.0,17.0,2018
85,Cidra,40343.0,15825.0,12913.0,17095.0,2490.0,11079.0,6698.0,6465.0,8474.0,11618.0,1692.0,40195.0,26989.0,76.0,79.0,293.0,1959.0,174.0,2018
86,Coamo,39265.0,16305.0,13346.0,18411.0,933.0,10761.0,6739.0,6486.0,8342.0,9676.0,2144.0,39049.0,26340.0,335.0,0.0,433.0,1922.0,109.0,2018
87,Florida,11910.0,4948.0,4291.0,6227.0,673.0,8871.0,1685.0,2020.0,2578.0,2297.0,647.0,11770.0,7953.0,64.0,0.0,154.0,448.0,15.0,2018
88,Guayanilla,19008.0,8265.0,6485.0,10521.0,1373.0,8717.0,3411.0,3639.0,4115.0,2952.0,1081.0,18928.0,12887.0,156.0,18.0,167.0,871.0,76.0,2018
89,Gurabo,46894.0,17323.0,14780.0,13676.0,3537.0,17393.0,6971.0,6914.0,10092.0,10754.0,1806.0,46179.0,26043.0,371.0,8.0,366.0,1973.0,332.0,2018
90,Hatillo,40390.0,16902.0,14093.0,18717.0,915.0,10659.0,8685.0,7561.0,7974.0,3713.0,1455.0,40346.0,25142.0,180.0,0.0,177.0,1787.0,99.0,2018
91,Humacao,53466.0,26675.0,17896.0,23600.0,2317.0,12093.0,8955.0,10692.0,10651.0,5310.0,2447.0,53157.0,34602.0,2608.0,66.0,761.0,2191.0,434.0,2018
92,Isabela,42420.0,20391.0,15012.0,23156.0,2439.0,9228.0,8645.0,7921.0,8356.0,11158.0,1843.0,42026.0,26431.0,567.0,56.0,290.0,2012.0,324.0,2018
93,Las Piedras,37768.0,15528.0,12527.0,16290.0,2347.0,11239.0,5971.0,6210.0,8006.0,4606.0,1711.0,37736.0,25498.0,177.0,0.0,605.0,1312.0,53.0,2018
94,Moca,36872.0,16030.0,13278.0,20990.0,3235.0,8806.0,8185.0,5939.0,7956.0,7792.0,1790.0,36733.0,24352.0,203.0,75.0,327.0,1852.0,250.0,2018
95,Morovis,31320.0,11634.0,9943.0,14209.0,2253.0,9715.0,6502.0,4570.0,6960.0,6867.0,1672.0,31221.0,20908.0,319.0,22.0,225.0,1391.0,61.0,2018
96,Quebradillas,24036.0,10399.0,8286.0,12488.0,912.0,9819.0,4652.0,4495.0,4945.0,5016.0,1154.0,23869.0,16186.0,213.0,39.0,134.0,1210.0,24.0,2018
97,Río Grande,50550.0,22935.0,15732.0,19357.0,5050.0,10931.0,8365.0,9397.0,10147.0,11852.0,2122.0,50279.0,32096.0,1112.0,94.0,668.0,2221.0,777.0,2018
98,Toa Baja,79726.0,34681.0,27258.0,28747.0,5980.0,12763.0,11003.0,14319.0,16478.0,16219.0,3452.0,79100.0,42960.0,937.0,105.0,999.0,3406.0,347.0,2018
99,Vega Baja,53371.0,24596.0,18081.0,24080.0,3319.0,10601.0,11578.0,9963.0,11018.0,11958.0,2087.0,51890.0,32215.0,328.0,126.0,552.0,2868.0,308.0,2018
100,Villalba,22993.0,9089.0,7712.0,10995.0,1956.0,10677.0,3733.0,3647.0,5184.0,5681.0,1255.0,22956.0,16592.0,319.0,11.0,286.0,938.0,130.0,2018
101,Yauco,36439.0,17427.0,10790.0,17524.0,2222.0,8339.0,7236.0,7393.0,7227.0,10372.0,826.0,36391.0,24494.0,264.0,20.0,199.0,1673.0,253.0,2018
102,Aguada,38643.0,17555.0,12819.0,19730.0,1927.0,9287.0,9321.0,6657.0,7393.0,10815.0,1378.0,36528.0,23208.0,126.0,0.0,391.0,1960.0,85.0,2018
103,Aguadilla,54166.0,27241.0,21604.0,27075.0,3544.0,11339.0,10650.0,10903.0,10955.0,11890.0,3262.0,53423.0,29808.0,2517.0,41.0,373.0,3996.0,1753.0,2018
104,Aguas Buenas,26275.0,10762.0,8469.0,13185.0,1716.0,10188.0,5950.0,4738.0,5434.0,7930.0,1115.0,26054.0,17690.0,61.0,40.0,122.0,1624.0,195.0,2018
105,Bayamón,182955.0,83260.0,67940.0,62177.0,10423.0,14377.0,25906.0,37188.0,34703.0,47640.0,9778.0,181816.0,92505.0,6574.0,324.0,1616.0,8776.0,6183.0,2018
106,Cabo Rojo,49005.0,29603.0,15656.0,25926.0,1991.0,9245.0,10856.0,10666.0,9482.0,7608.0,1892.0,48939.0,27953.0,1999.0,1324.0,610.0,2118.0,152.0,2018
107,Canóvanas,46108.0,17770.0,14498.0,19910.0,4334.0,11920.0,8068.0,7295.0,10121.0,8521.0,2091.0,46033.0,27583.0,319.0,15.0,1014.0,1806.0,114.0,2018
108,Carolina,157453.0,77423.0,63401.0,46149.0,10426.0,16536.0,17774.0,32826.0,30512.0,35455.0,9347.0,156326.0,77433.0,16722.0,219.0,1746.0,8572.0,740.0,2018
109,Cataño,24888.0,10654.0,8792.0,11772.0,2610.0,12195.0,4700.0,4471.0,5314.0,5707.0,1442.0,24729.0,15542.0,1198.0,37.0,400.0,2332.0,7.0,2018
110,Cayey,44530.0,20037.0,16183.0,19103.0,1384.0,12088.0,8274.0,8519.0,8772.0,14277.0,2402.0,44400.0,28173.0,587.0,81.0,350.0,2805.0,130.0,2018
111,Ceiba,11853.0,7441.0,4367.0,5127.0,475.0,13044.0,2258.0,2604.0,2357.0,1084.0,637.0,11732.0,6764.0,204.0,39.0,192.0,769.0,18.0,2018
112,Guaynabo,88663.0,39923.0,30963.0,23510.0,4060.0,23895.0,10302.0,18190.0,15534.0,20151.0,3345.0,87613.0,34857.0,7686.0,62.0,599.0,3517.0,590.0,2018
113,Juana Díaz,46960.0,18696.0,15673.0,21608.0,4173.0,10611.0,7566.0,7668.0,10642.0,9540.0,2358.0,46909.0,31631.0,338.0,9.0,421.0,2056.0,517.0,2018
114,Juncos,39128.0,15584.0,12718.0,19722.0,4144.0,9316.0,6665.0,5849.0,8720.0,8593.0,2283.0,38871.0,24252.0,504.0,0.0,619.0,1594.0,204.0,2018
115,Luquillo,18547.0,10476.0,6519.0,8283.0,1901.0,11007.0,3086.0,3721.0,3813.0,4769.0,795.0,18343.0,11474.0,1652.0,0.0,247.0,913.0,139.0,2018
116,Manatí,39692.0,18639.0,15337.0,18124.0,2279.0,10946.0,7752.0,7872.0,8316.0,7647.0,2186.0,39304.0,24309.0,578.0,63.0,1072.0,2832.0,221.0,2018
117,Naguabo,26266.0,11582.0,8317.0,12972.0,808.0,9263.0,5109.0,4402.0,6039.0,2419.0,1112.0,26171.0,18578.0,472.0,0.0,362.0,1301.0,45.0,2018
118,Naranjito,28557.0,10455.0,8520.0,13051.0,2372.0,9150.0,5860.0,4985.0,5993.0,8569.0,894.0,28519.0,19868.0,45.0,33.0,234.0,1360.0,86.0,2018
119,Patillas,17334.0,8844.0,6233.0,9234.0,955.0,9223.0,3534.0,3471.0,3386.0,1906.0,639.0,17290.0,12776.0,233.0,16.0,188.0,1180.0,0.0,2018
120,Peñuelas,20984.0,8678.0,6987.0,11831.0,1594.0,8609.0,3888.0,3198.0,4976.0,3297.0,1034.0,20941.0,14606.0,20.0,5.0,343.0,1067.0,18.0,2018
121,Sabana Grande,23054.0,10839.0,7493.0,10835.0,1207.0,9560.0,4368.0,4923.0,4719.0,7537.0,677.0,23018.0,13670.0,171.0,47.0,174.0,1167.0,173.0,2018
122,San Lorenzo,37873.0,16265.0,13749.0,17017.0,1161.0,10974.0,7568.0,6550.0,7560.0,6965.0,1607.0,37873.0,24864.0,192.0,45.0,446.0,2442.0,94.0,2018
123,San Sebastián,37964.0,17847.0,13904.0,20580.0,3007.0,8739.0,9085.0,8182.0,7642.0,8329.0,1592.0,37322.0,26002.0,330.0,82.0,238.0,2226.0,203.0,2018
124,Toa Alta,73405.0,25976.0,22032.0,21250.0,3723.0,14241.0,9311.0,9510.0,16171.0,12266.0,2956.0,73044.0,39236.0,559.0,197.0,626.0,1762.0,294.0,2018
125,Trujillo Alto,67780.0,29351.0,23982.0,20939.0,1966.0,15886.0,7628.0,11832.0,14034.0,11877.0,3181.0,67367.0,37969.0,3628.0,77.0,1104.0,2816.0,756.0,2018
126,Utuado,29402.0,13328.0,9851.0,15271.0,2723.0,8639.0,5622.0,5870.0,6024.0,5311.0,1160.0,29240.0,20087.0,103.0,35.0,76.0,1578.0,93.0,2018
127,Vieques,8771.0,4934.0,2470.0,3600.0,435.0,11156.0,1576.0,1826.0,1786.0,598.0,234.0,8273.0,5080.0,0.0,26.0,135.0,617.0,0.0,2018
128,Yabucoa,34149.0,14736.0,11722.0,18207.0,2809.0,9148.0,7220.0,6340.0,6922.0,4639.0,1738.0,34134.0,24137.0,101.0,0.0,311.0,2020.0,73.0,2018
129,Dorado,37208.0,15832.0,11881.0,12701.0,3272.0,16570.0,5537.0,6044.0,8442.0,5690.0,1654.0,36663.0,20779.0,124.0,133.0,571.0,1347.0,48.0,2018
130,Fajardo,32001.0,18582.0,12231.0,14134.0,3889.0,11663.0,4629.0,6662.0,6678.0,7449.0,2068.0,31730.0,17045.0,2059.0,36.0,611.0,2016.0,195.0,2018
131,Guayama,41706.0,18535.0,14476.0,20487.0,809.0,9806.0,6795.0,6973.0,8870.0,9829.0,2221.0,41285.0,30931.0,305.0,110.0,245.0,2534.0,2271.0,2018
132,Hormigueros,16180.0,7658.0,6253.0,6592.0,1439.0,11874.0,2927.0,4218.0,2898.0,4801.0,736.0,16166.0,10012.0,356.0,0.0,185.0,1079.0,135.0,2018
133,Rincón,14269.0,9453.0,5128.0,6002.0,497.0,11650.0,3370.0,3307.0,2607.0,3855.0,511.0,12966.0,7487.0,1115.0,26.0,77.0,739.0,25.0,2018
134,San Germán,32114.0,15682.0,11840.0,16376.0,679.0,9874.0,6808.0,7383.0,6302.0,3516.0,1118.0,31941.0,19391.0,522.0,0.0,429.0,2239.0,701.0,2018
135,Santa Isabel,22066.0,9282.0,7465.0,10392.0,707.0,10895.0,2659.0,3368.0,5139.0,5152.0,1424.0,21977.0,13874.0,252.0,35.0,164.0,1003.0,6.0,2018
136,Vega Alta,37724.0,15992.0,12229.0,17693.0,2508.0,11678.0,6888.0,6424.0,8355.0,6637.0,1660.0,37358.0,22816.0,685.0,108.0,427.0,1899.0,782.0,2018
137,Arroyo,18111.0,8446.0,6002.0,10503.0,510.0,7979.0,2774.0,3249.0,4090.0,4231.0,1079.0,18073.0,13004.0,111.0,58.0,354.0,924.0,18.0,2018
138,Comerío,19539.0,7451.0,5836.0,11734.0,1670.0,6903.0,4517.0,3271.0,4140.0,5642.0,904.0,19445.0,13848.0,204.0,0.0,115.0,1443.0,11.0,2018
139,Corozal,34165.0,12728.0,10768.0,19100.0,3428.0,7619.0,7238.0,5702.0,7477.0,8690.0,1113.0,33842.0,23679.0,41.0,163.0,472.0,1581.0,322.0,2018
140,Culebra,1314.0,1541.0,475.0,541.0,5.0,11830.0,298.0,287.0,265.0,94.0,45.0,1217.0,698.0,56.0,26.0,47.0,120.0,0.0,2018
141,Lares,26451.0,12234.0,9960.0,14472.0,2567.0,8735.0,7012.0,5082.0,5261.0,4671.0,1090.0,26386.0,19864.0,132.0,73.0,221.0,1424.0,260.0,2018
142,Loíza,26463.0,11563.0,8728.0,13416.0,2773.0,8809.0,4575.0,4213.0,5785.0,5234.0,1364.0,26456.0,18814.0,510.0,6.0,543.0,2065.0,83.0,2018
143,Maunabo,11023.0,5329.0,3882.0,5364.0,822.0,9471.0,2642.0,2271.0,2189.0,1334.0,331.0,10896.0,8568.0,91.0,0.0,301.0,726.0,6.0,2018
144,Mayagüez,77255.0,40916.0,29912.0,40544.0,6890.0,10678.0,14732.0,17339.0,13909.0,20843.0,3984.0,76836.0,44176.0,6877.0,34.0,731.0,6224.0,1174.0,2018
145,Orocovis,21407.0,8580.0,6734.0,12258.0,2288.0,7889.0,4811.0,3335.0,4724.0,6716.0,1346.0,21348.0,15520.0,70.0,16.0,248.0,1243.0,142.0,2018
146,Ponce,143926.0,66038.0,52696.0,71756.0,6305.0,11368.0,22927.0,28762.0,30030.0,24756.0,8196.0,143116.0,87565.0,7881.0,105.0,1364.0,10715.0,3552.0,2018
147,Salinas,28633.0,13540.0,10374.0,15345.0,737.0,9034.0,5143.0,5147.0,6491.0,5876.0,1984.0,28619.0,18900.0,367.0,36.0,312.0,1577.0,100.0,2018
148,San Juan,344606.0,191471.0,144573.0,142021.0,22896.0,18569.0,48567.0,72541.0,64818.0,66338.0,19435.0,340168.0,160814.0,54994.0,248.0,3068.0,37296.0,7200.0,2018
149,Las Marías,8599.0,3883.0,2872.0,4864.0,70.0,7098.0,2710.0,1624.0,1822.0,653.0,304.0,8549.0,6969.0,18.0,0.0,197.0,432.0,92.0,2018
150,Adjuntas,18181.0,7594.0,5861.0,11325.0,2370.0,7126.0,4534.0,3230.0,3908.0,3663.0,826.0,18129.0,13391.0,132.0,29.0,150.0,1031.0,77.0,2018
151,Guánica,16783.0,9340.0,5469.0,10699.0,1479.0,7430.0,3668.0,3730.0,3499.0,5735.0,570.0,16641.0,11477.0,168.0,12.0,126.0,895.0,82.0,2018
152,Jayuya,14906.0,6210.0,5087.0,8850.0,946.0,7519.0,2304.0,2300.0,3398.0,3178.0,947.0,14849.0,10651.0,145.0,19.0,114.0,918.0,259.0,2018
153,Lajas,23315.0,12249.0,7911.0,14309.0,1241.0,7233.0,6374.0,5293.0,4409.0,5058.0,824.0,23273.0,15010.0,243.0,324.0,280.0,1108.0,43.0,2018
154,Maricao,6202.0,2591.0,1930.0,3979.0,189.0,5974.0,2127.0,1132.0,1221.0,522.0,240.0,6192.0,4992.0,18.0,8.0,148.0,325.0,15.0,2018
155,Barranquitas,28755.0,10764.0,8918.0,16771.0,1001.0,8221.0,5338.0,4147.0,6680.0,7377.0,1640.0,28755.0,21598.0,147.0,67.0,552.0,1372.0,376.0,2018
